{"cameraMode":{"drawMode":0,"name":"Shaded","section":"Shading Mode"},"sceneLighting":false,"audioPlay":false,"sceneViewState":{"m_AlwaysRefresh":false,"showFog":true,"showSkybox":false,"showFlares":true,"showImageEffects":true,"showParticleSystems":true,"showVisualEffectGraphs":true,"m_FxEnabled":true},"in2DMode":false,"pivot":{"x":-0.0000015497207641601563,"y":0.8805965781211853,"z":0.11457061767578125},"rotation":{"x":0.07696546614170075,"y":0.9194808006286621,"z":-0.21913515031337739,"w":0.3185003399848938},"size":2.877204656600952,"orthographic":true}