{"cameraMode":{"drawMode":0,"name":"Shaded","section":"Shading Mode"},"sceneLighting":false,"audioPlay":false,"sceneViewState":{"m_AlwaysRefresh":false,"showFog":true,"showSkybox":false,"showFlares":true,"showImageEffects":true,"showParticleSystems":true,"showVisualEffectGraphs":true,"m_FxEnabled":true},"in2DMode":false,"pivot":{"x":-0.018063604831695558,"y":0.2721063494682312,"z":2.963524103164673},"rotation":{"x":0.005927979480475187,"y":-0.972920298576355,"z":0.22975195944309236,"w":0.025103634223341943},"size":0.5377922654151917,"orthographic":true}